"name";"total_products_matched";"total_items_matched"
"grimbergen";2;26
"baadskive a4";1;20
"bg den lille roede";1;12
"oeko skummet";1;6
"flyttekasse senior";1;4
"fryseps. ltr.";1;4
"groent";1;4
"bager";1;3
"beklaed.profil";1;3
"bluse";3;3
"brooklyn";2;3
"carlsberg ,";1;3
"egelykke anna mild";1;3
"oeko let 1l";1;3
"orient shrimp salad";1;3
"pileflet rustik";1;3
"rema soft t";1;3
"roser";3;3
"variera skuffunderla";1;3
"alfheim grendel";1;2
"ammeindlaeg";1;2
"antagen opvboers fors";1;2
"balloner";2;2
"becel let omega 250g";2;2
"biksemad";1;2
"biotex 1,75l";2;2
"bki instant";2;2
"budget";1;2
"capri-sun safari";2;2
"chef de pomme";1;2
"cykeldaek 24\", mm";1;2
"dansand fugesand";1;2
"dgr. solsik.";1;2
"dr. beckmann";1;2
"dronning mandl.";2;2
"engelsk boef";2;2
"fastelavnsbl";1;2
"folkehjaelp";1;2
"fp oekologisk roersukk";1;2
"fraiche";2;2
"gilleleje havn";1;2
"go kas laa 20x10";1;2
"grill briquette";1;2
"gropper oeko ma 250ml";1;2
"haandvaerker";1;2
"harvest best";1;2
"havrefras";2;2
"instant energy 900ml";1;2
"kaergaard /smag";1;2
"kims havsalt";2;2
"king' lilla";2;2
"knaldperler 12aes";1;2
"kort kuvert";2;2
"la belle laitiaere br";1;2
"lille bjoern";1;2
"manitoba mel 2kg";1;2
"margharita";1;2
"meny indkoebsnet";1;2
"mh okse";2;2
"mikrotabs";1;2
"mini fras";1;2
"multivitamin";2;2
"nikoline 2l";1;2
"oatly havre";2;2
"oeko appel 1l";1;2
"oeko hyldebl. l";1;2
"oeko moerk";1;2
"oeko pommes";2;2
"oellingegaard koldskaa";1;2
"opvaskeboerste";2;2
"risalamande";2;2
"skovmand";1;2
"snaxters";2;2
"softice";1;2
"spidsbrie";1;2
"sushi nori";1;2
"taffel original";1;2
"tampax super";1;2
"tena lady";1;2
"thairet";2;2
"toffifee";1;2
"toiletp. 2-lag";1;2
"toms ekstra";2;2
"vare";1;2
"weekendmix";2;2
"+ pods .";1;1
". perelada";1;1
".m. laurbaerblade";1;1
".m. taco tubs";1;1
"32l opbev.boks";1;1
"7up";1;1
"aarets kaalslaw";1;1
"actimel";1;1
"affaldssaek 100l";1;1
"affaldssaek klar 120l";1;1
"agnes";1;1
"aioli";1;1
"akrylboks";1;1
"albani luxus moerk ju";1;1
"albani mosaic ipa";1;1
"ale no. cl";1;1
"alfa musekorn";1;1
"allerum grevae skiv";1;1
"aloe vera gel ml";1;1
"alpro go on";1;1
"alsace wiebelsberg h";1;1
"ama let";1;1
"ama madlavningsfloede";1;1
"amanda luksusrogn";1;1
"amo mel 2kg";1;1
"anna mild sk.";1;1
"apol l. .";1;1
"appassinero";1;1
"argentinske roedrejer";1;1
"arla kold. /jord 1l";1;1
"athena";1;1
"athena graesk 1kg";1;1
"avivir aloe vera men";1;1
"baalkurv, quadra";1;1
"basissalat";1;1
"bbq skum300g";1;1
"bd bullet train";1;1
"bd matrix resurr";1;1
"beauvais kuloer";1;1
"bechamel sau";1;1
"bella gomba";1;1
"beloes'";1;1
"bilanx happy snax";1;1
"bilanx stix";1;1
"bki guld 400g";1;1
"bl.ue k. b'free";1;1
"bland-selv-slik";1;1
"bloed snemand";1;1
"blue dream";1;1
"blue dream g";1;1
"boejle";1;1
"boerne taske";1;1
"bor, -mm.";1;1
"boson antigentest nae";1;1
"botaren badvaerstan";1;1
"bp oil-free moisturi";1;1
"brainy me mixed nuts 75g";1;1
"bresaola";1;1
"briller";1;1
"brooklyn stonewall";1;1
"brushetta";1;1
"budget harva";1;1
"budget mozz";1;1
"budget paprika";1;1
"budget plantem. 400g";1;1
"budget saek";1;1
"burrata 150g";1;1
"butterdej";1;1
"caesar salat g";1;1
"cafe noir me";1;1
"cafèbesoeg for";1;1
"café noir formalet";1;1
"café noir stempelkaf";1;1
"calypso slikkepi";1;1
"candy can";1;1
"capolavoro";1;1
"cappelletti";1;1
"capri-sonne";1;1
"caprice vafler n";1;1
"carlsberg 50cl";1;1
"carlsberg humle";1;1
"carlsberg l";1;1
"carlsberg sport";1;1
"carzy bones";1;1
"casa czaja tapas mix";1;1
"castel.roed chili";1;1
"castus";1;1
"catel maures";1;1
"chamaerops humilis";1;1
"cheasy";1;1
"cheasy blaa/gra/ac 1l";1;1
"cheasy fraic";1;1
"cheasy fraiche";1;1
"cheasy hindb/gran";1;1
"cheasy mild";1;1
"chicken club";1;1
"chicken pomm";1;1
"chili cheese tops";1;1
"choco funny";1;1
"chrisco remtoej";1;1
"coco pops 375g";1;1
"coete de beuf af okse";1;1
"coleslaw";1;1
"coleslaw et tvis";1;1
"colg.protect";1;1
"cool candy fresh wav";1;1
"corny";1;1
"corny big choco";1;1
"corny dark";1;1
"cortado, double";1;1
"country cow";1;1
"cr1632 lithium";1;1
"crabbies";1;1
"cranberry";1;1
"creme brulee";1;1
"creme f. dress.";1;1
"cremefine";1;1
"cremefine 250ml";1;1
"cupnoodles";1;1
"cykel daekjern";1;1
"cykelholder nr.";1;1
"daase";1;1
"damask";1;1
"daskovlyst jubilaeums";1;1
"dava no egg 230g";1;1
"db mug 35cl";1;1
"delapierre";1;1
"deli betjent";1;1
"deli butter chicken";1;1
"deli gratin";1;1
"delicata";1;1
"depositum";1;1
"designserviet gr";1;1
"dextro.neutr";1;1
"dgs veggie delle";1;1
"dia.moskusdy";1;1
"diego reserv";1;1
"dolce gusto";1;1
"dolce gusto flat 16k";1;1
"domestos wc blok hav";1;1
"domestos wc blokke ocean fresh 3i1 40gr";1;1
"don simon";1;1
"donuts";1;1
"doritos";1;1
"dortios nacho cheese";1;1
"dr lab mini candy st";1;1
"dr.beckmann colorogdi";1;1
"dreamies";1;1
"dreng sweatbuks";1;1
"drh rosencreme 30ml";1;1
"drypbakke";1;1
"ds ginger drink st";1;1
"dunlet freshness";1;1
"dvd macbeth";1;1
"eagle creek";1;1
"egelykke agnes xl";1;1
"egelykke rigmor l";1;1
"ella' kitchen";1;1
"energy drink";1;1
"engelske pelargonier";1;1
"estragon bk";1;1
"fajita marinade";1;1
"falksalt saltwell";1;1
"farmhouse";1;1
"femina";1;1
"ferrari pullb";1;1
"fettuc.spina";1;1
"fever tree";1;1
"fiber plus";1;1
"fitness ph";1;1
"fk 0kal sommer 1,5l";1;1
"flagguilande";1;1
"flerkornboll";1;1
"floed";1;1
"floedeskum";1;1
"floedeskum u/suk";1;1
"flydende vask";1;1
"for tuesday *m*";1;1
"forhaeng,slim";1;1
"fp morgenknas choco";1;1
"fraiche 18%n";1;1
"frank /bacogcheese";1;1
"fredsted moringa me!";1;1
"freesia double mixed";1;1
"freesia single";1;1
"frejdahl sigurd 66cl";1;1
"frisk powerm";1;1
"frugt";1;1
"frugtkonfekt 150g";1;1
"frugtoel";1;1
"frugtrulle";1;1
"fugleaeg";1;1
"fuldkorn taert";1;1
"fuldkorns tort.";1;1
"gaffatape";1;1
"gaveaeske";1;1
"gavemaerker";1;1
"gb moerk";1;1
"gc kolde kaptajner";1;1
"gebyr fr. kreditkort";1;1
"gerbera";1;1
"ginger original";1;1
"gl.dags floedeis moerk";1;1
"glastavle";1;1
"glitterlim";1;1
"gloegg";1;1
"glutenfri finax";1;1
"gm orange morning 1l";1;1
"go card";1;1
"godt blandet org.";1;1
"goel sommergriller";1;1
"graenseledning 50m";1;1
"granol";1;1
"graviditetst";1;1
"grill handske";1;1
"grillede groen";1;1
"grimbergen double";1;1
"grinebidder pink";1;1
"groenlid betraek 2-p.";1;1
"groentsagsbaand guleroe";1;1
"groentsagsmix";1;1
"groentsagsmix 750g";1;1
"grs cham";1;1
"guacamole";1;1
"gurli gris farvesaet";1;1
"haar acc";1;1
"haar elastikker";1;1
"haarklemmer 6'";1;1
"hagesmaekke";1;1
"hapsdog";1;1
"haribo 135gr";1;1
"havre fras";1;1
"havremel";1;1
"hedebogaard kryderier";1;1
"heinz fiery chil";1;1
"hemo jern tb";1;1
"herkules";1;1
"herkules skv";1;1
"hermitage";1;1
"herre flex handske";1;1
"herregaardsboef";1;1
"herresko";1;1
"hibiscus";1;1
"hoegaarden 75cl";1;1
"hygge mix 575g";1;1
"ibérico-mix";1;1
"imodium instant";1;1
"imp forsk.";1;1
"imp terrassebraedder";1;1
"indersaal";1;1
"india pale";1;1
"indisk risr.";1;1
"instant gold";1;1
"invitro gravidit";1;1
"ironstone re";1;1
"isenbourg vigneray h";1;1
"isenkram";1;1
"italiensk wok, g";1;1
"itunes kr.";1;1
"ivar nnn hyl f";1;1
"jacobsen brown ale";1;1
"jacobsen paaske";1;1
"jakobsens hverdagsh";1;1
"jarlsberg skiver";1;1
"jensen bearnaise";1;1
"jensens bearnaise";1;1
"joergens favorit";1;1
"julefryd gloe";1;1
"julepraliner";1;1
"juleskum";1;1
"julestenoel";1;1
"junior tee";1;1
"kaalmix";1;1
"kaalmix g";1;1
"kaempe laeske";1;1
"kalender";1;1
"kalender nisse";1;1
"kalk mg+d3 10mcg";1;1
"kalk-vaek bad";1;1
"kapers";1;1
"kapilaerkasse selvvan";1;1
"karen volf brune kag";1;1
"karies kontrol";1;1
"kasse";1;1
"kb julemumme";1;1
"kims griller";1;1
"kims joergens favorit";1;1
"kims noeddebrud";1;1
"king' green, sc";1;1
"kissmeyer new e. ipa";1;1
"kk fraiche 500g";1;1
"kk madlavningsfloede";1;1
"kk risalamande 450g";1;1
"klassiker";1;1
"kloever kold /cit 1l";1;1
"klorin wc gel";1;1
"klunka vasktoejpos";1;1
"koekkentilbehoer";1;1
"koeleboks l blaa/hv";1;1
"koeleelement";1;1
"komfortsaal";1;1
"kompagniet";1;1
"konsolstoette hv";1;1
"kort/telegram";1;1
"kraftsky";1;1
"krasdesign abe";1;1
"kridttavle";1;1
"l skiver";1;1
"l'or elegante";1;1
"l'or forza";1;1
"l'or mattinata";1;1
"l'or ristretto";1;1
"l'or single origin";1;1
"la roed 100s";1;1
"ladekabel";1;1
"lagerman konfekt";1;1
"lang nissehue";1;1
"lanterne zink";1;1
"lavendula";1;1
"lb multikern";1;1
"ledning cable 5";1;1
"leerdammer";1;1
"leffe ruby l";1;1
"ler kg";1;1
"letsaltet flaesk";1;1
"levevis roed";1;1
"liebfraumilc";1;1
"lille lise";1;1
"limfjordsporter";1;1
"lindemans";1;1
"lingon grove extra";1;1
"lise flydende";1;1
"livol magnesium";1;1
"livol vitaminbjoerne";1;1
"lommeletter";1;1
"lottrup ipa";1;1
"love mix oet";1;1
"lovena vatrondeller";1;1
"lu petit ecolier";1;1
"luksus sh. mp svane";1;1
"lys";1;1
"maanedens salat";1;1
"maanedens stirfry";1;1
"madkuloer";1;1
"mamone pumpkin seeds";1;1
"mamone vaniljesukker";1;1
"mamone walnuts 150g";1;1
"mandehoerm chi";1;1
"manilla maerke";1;1
"mat. oeko kakaoskum.";1;1
"mature red leicester";1;1
"mc ac str mt";1;1
"mediterranean";1;1
"medium fries";1;1
"mega b-stress ka";1;1
"melantin roed";1;1
"men beard brush";1;1
"mexogco burrito kryd";1;1
"mh svin";1;1
"micro nano";1;1
"milda";1;1
"millmortar vanilje";1;1
"mini gerbera";1;1
"mini kys 20 st";1;1
"miracle whip";1;1
"misses g";1;1
"ml skiver";1;1
"modne avo";1;1
"moerk plade";1;1
"mogm' crispy";1;1
"montgras";1;1
"montgras bib";1;1
"moppespand liter";1;1
"mortadella";1;1
"mousse choco/creme b";1;1
"mugcake";1;1
"mukimame";1;1
"multipak ispi";1;1
"naesemasker flere";1;1
"naesenisse cm.";1;1
"nerf disruptor";1;1
"nescafe";1;1
"nescafe guld";1;1
"nestle gold";1;1
"new york h baseball";1;1
"no grow danfugesand";1;1
"nordthy muslibar";1;1
"nr.\"8\"lys";1;1
"oego eral grey br.";1;1
"oego pommes";1;1
"oego verdure wholegra";1;1
"oego. okse";1;1
"oejenmaske";1;1
"oeko cr. fraiche";1;1
"oeko gm appel. 0,85l";1;1
"oeko havre cuis 500ml";1;1
"oeko hyldebl/in 0,33l";1;1
"oeko loegis. creme";1;1
"oeko loegis. kaernem";1;1
"oeko loegis. van. 1kg";1;1
"oeko peabutte";1;1
"oeko roede kidney 400g";1;1
"oeko tyk";1;1
"oeko. pommes";1;1
"oeko. rodfrugter";1;1
"oeko. skummet";1;1
"oeko.fk.durum";1;1
"oeko.raw licious";1;1
"oksespidsbry";1;1
"omega";1;1
"omhu haandpillede rej";1;1
"omo vaskemiddel";1;1
"optaendingsbriketter";1;1
"opvaskboerste";1;1
"organix ban./j. hje.";1;1
"original";1;1
"otrivin";1;1
"p-taerte";1;1
"paagen subs";1;1
"paaske pale ale";1;1
"paaskeskum";1;1
"pakketape di";1;1
"palet";1;1
"pannaa nn daekkeservie";1;1
"paprika";1;1
"paradiso kongeasparg";1;1
"paraguayos";1;1
"paraguayos bakke";1;1
"party krymmel";1;1
"pasqua";1;1
"paul mas estate";1;1
"perlekunst";1;1
"perlissimo peach";1;1
"petit lys";1;1
"pex refill";1;1
"pick! fish saltede k";1;1
"pickwick";1;1
"pige sok";1;1
"pincet skraa";1;1
"pinot grigio de vali";1;1
"piske l";1;1
"plaeneklipperoli";1;1
"poly swing mous.ekst";1;1
"potte cm";1;1
"pottemuld 40l";1;1
"president comté";1;1
"price cremefra";1;1
"price hamburge";1;1
"price mozzarel";1;1
"price parboile";1;1
"price partypoel";1;1
"prima donna roed";1;1
"princip fromaggi";1;1
"princip past";1;1
"pro";1;1
"pro haandledskinnev";1;1
"prolight 10w";1;1
"pulled pork";1;1
"puslespil";1;1
"pynteartikler";1;1
"quality str.";1;1
"ratatouille";1;1
"red kidney";1;1
"rema 9v";1;1
"rema bodylo";1;1
"rema chili";1;1
"rema chunks";1;1
"rema kids shamp";1;1
"rema lommelet";1;1
"rema oekolog";1;1
"rema reng.s";1;1
"rema tandpa";1;1
"ret nemt steaks";1;1
"rfsu aqua glide";1;1
"rhododendron cm";1;1
"rib eye 360g";1;1
"ribsgelé";1;1
"rice n'go jord 175g";1;1
"ristorante salame";1;1
"rockstar ori";1;1
"rockstar original";1;1
"rodfrugter";1;1
"rodmix kg";1;1
"roegeo. oval10%";1;1
"root retoucher";1;1
"roser 35cm";1;1
"roser stilke 40cm";1;1
"rosmarin";1;1
"rossini vafler";1;1
"roundup ready l re";1;1
"royal greenland kutt";1;1
"royal shandy";1;1
"rulledug";1;1
"russisk sala";1;1
"safe skaermrens 60ml";1;1
"san mazano";1;1
"santino blanco";1;1
"savbuk metal .";1;1
"savin skyllemiddel f";1;1
"sc skinkstrimler";1;1
"sch refres face ton";1;1
"schwarzbrot";1;1
"seasoning";1;1
"semper wiener 44cl";1;1
"sereno roastogsalt pe";1;1
"serviet /flag";1;1
"serviet cm";1;1
"sh diamond shine";1;1
"shine dishwash brush";1;1
"signature taste";1;1
"sikkerhedsbrille";1;1
"simply choc. crispy";1;1
"skalddyrsdr.";1;1
"skalrejer";1;1
"skip.pipes";1;1
"skiver mild";1;1
"skjorte";1;1
"skorper kardemomme";1;1
"skovlyst alk.fri";1;1
"skovlyst hoest oeko";1;1
"smartbox biograftur for";1;1
"smartbox smuk";1;1
"sminke/frisoer hoved";1;1
"smurt grov";1;1
"snoede lys";1;1
"soft simple h";1;1
"sol over gudhjem";1;1
"solar glasflaske";1;1
"somersby 33cl ds.";1;1
"sommer vafler";1;1
"sort rotunden";1;1
"sourcr.onion";1;1
"spangsberg petit floe";1;1
"spareribs";1;1
"special k";1;1
"speltflakes oeko";1;1
"spidser";1;1
"spillekort";1;1
"spiraler";1;1
"spiseligt stoev pink 10g";1;1
"sports sok";1;1
"sportsbrus";1;1
"springform";1;1
"squeezy vanilje";1;1
"stabile sandspartel";1;1
"starb. holiday blend";1;1
"stedmoder";1;1
"stedmoder 10-box";1;1
"stikprop flad h";1;1
"stimo. 60min";1;1
"stolpe ru";1;1
"stor softice";1;1
"stracciatella 900ml";1;1
"sukkervafler";1;1
"sunjoy orange lt";1;1
"super reds";1;1
"svaneke solskinsale";1;1
"t. tuscan risotto";1;1
"tabasco";1;1
"tabouleh salat";1;1
"tabs 5i1";1;1
"taco mix";1;1
"taerte skink/por";1;1
"taffel party";1;1
"tandkrus";1;1
"tarteletter";1;1
"tasty ml";1;1
"thairet panang";1;1
"thairet tom yum";1;1
"toerret surdej";1;1
"toersleff vaniljesuk";1;1
"toilet oekonomikoeb";1;1
"tommestok meter";1;1
"traeinstrument";1;1
"trim plaenegoedning";1;1
"trippevals moerklaegni";1;1
"trope";1;1
"tuc trio";1;1
"tvillingeringe";1;1
"ullvide fosyet la";1;1
"ultra mini plus(g)";1;1
"uni rengoering";1;1
"universalgoedn.";1;1
"urtekram paprika";1;1
"urtekram rosmarin";1;1
"vaegskinne eleme";1;1
"vafler";1;1
"vaniljeis, ov";1;1
"vaniljepulver 10g";1;1
"variera n boks";1;1
"vaseline";1;1
"vasketoejsbalje";1;1
"vej selv groent";1;1
"velour baand";1;1
"vildmo. kg";1;1
"vitakraft turkey";1;1
"voltaren gel g";1;1
"walkie-talkier graa";1;1
"wb sprk./o";1;1
"wc duck citrus";1;1
"wd ml";1;1
"white rum";1;1
"wienerschnit";1;1
"wiz fjernbetjening";1;1
"x-maxi tr.";1;1
"xshot skumsvaerd as";1;1
"yellow tail";1;1
"yo. peach/me";1;1
"z bechamel 500ml";1;1
"zimpel+ omega3 f";1;1
"zymelin";1;1
